min_id,dep_id,start_date,end_date,active
2610/11_min_1,2610/11_dep_1,2015-09-21,-1,TRUE
2610/11_min_1,2610/11_dep_2,2015-09-21,-1,TRUE
2610/11_min_1,2610/11_dep_3,2015-09-21,-1,TRUE
2610/11_min_1,2610/11_dep_4,2015-09-21,-1,TRUE
2610/11_min_1,2610/11_dep_5,2015-09-21,-1,TRUE
2610/11_min_1,2610/11_dep_6,2015-09-21,-1,TRUE
2610/11_min_1,2610/11_dep_7,2015-09-21,-1,TRUE
2610/11_min_1,2610/11_dep_8,2015-09-21,-1,TRUE
2610/11_min_1,2610/11_dep_9,2015-09-21,-1,TRUE
2610/11_min_1,2610/11_dep_10,2015-09-21,-1,TRUE
2610/11_min_1,2610/11_dep_11,2015-09-21,-1,TRUE
2610/11_min_1,2610/11_dep_12,2015-09-21,-1,TRUE
2610/11_min_1,2610/11_dep_13,2015-09-21,-1,TRUE
2610/11_min_1,2610/11_dep_14,2015-09-21,-1,TRUE
2610/11_min_2,2610/11_dep_15,2015-09-21,-1,TRUE
2610/11_min_2,2610/11_dep_16,2015-09-21,-1,TRUE
2610/11_min_2,2610/11_dep_17,2015-09-21,-1,TRUE
2610/11_min_2,2610/11_dep_18,2015-09-21,-1,TRUE
2610/11_min_2,2610/11_dep_19,2015-09-21,-1,TRUE
2610/11_min_2,2610/11_dep_20,2015-09-21,-1,TRUE
2610/11_min_2,2610/11_dep_21,2015-09-21,-1,TRUE
2610/11_min_2,2610/11_dep_22,2015-09-21,-1,TRUE
2610/11_min_2,2610/11_dep_23,2015-09-21,-1,TRUE
2610/11_min_2,2610/11_dep_24,2015-09-21,-1,TRUE
2610/11_min_2,2610/11_dep_25,2015-09-21,-1,TRUE
2610/11_min_2,2610/11_dep_26,2015-09-21,-1,TRUE
2610/11_min_2,2610/11_dep_27,2015-09-21,-1,TRUE
2610/11_min_2,2610/11_dep_28,2015-09-21,-1,TRUE
2610/11_min_2,2610/11_dep_29,2015-09-21,-1,TRUE
2610/11_min_2,2610/11_dep_30,2015-09-21,-1,TRUE
2610/11_min_2,2610/11_dep_31,2015-09-21,-1,TRUE
2610/11_min_4,2610/11_dep_32,2015-09-21,-1,TRUE
2610/11_min_4,2610/11_dep_33,2015-09-21,-1,TRUE
2610/11_min_4,2610/11_dep_34,2015-09-21,-1,TRUE
2610/11_min_4,2610/11_dep_35,2015-09-21,-1,TRUE
2610/11_min_4,2610/11_dep_36,2015-09-21,-1,TRUE
2610/11_min_4,2610/11_dep_37,2015-09-21,-1,TRUE
2610/11_min_4,2610/11_dep_38,2015-09-21,-1,TRUE
2610/11_min_4,2610/11_dep_39,2015-09-21,-1,TRUE
2610/11_min_4,2610/11_dep_40,2015-09-21,-1,TRUE
2610/11_min_4,2610/11_dep_41,2015-09-21,-1,TRUE
2610/11_min_4,2610/11_dep_42,2015-09-21,-1,TRUE
2610/11_min_4,2610/11_dep_43,2015-09-21,-1,TRUE
2610/11_min_4,2610/11_dep_44,2015-09-21,-1,TRUE
2610/11_min_4,2610/11_dep_45,2015-09-21,-1,TRUE
2610/11_min_4,2610/11_dep_46,2015-09-21,-1,TRUE
2610/11_min_4,2610/11_dep_47,2015-09-21,-1,TRUE
2610/11_min_4,2610/11_dep_48,2015-09-21,-1,TRUE
2610/11_min_4,2610/11_dep_49,2015-09-21,-1,TRUE
2610/11_min_4,2610/11_dep_50,2015-09-21,-1,TRUE
2610/11_min_4,2610/11_dep_51,2015-09-21,-1,TRUE
2610/11_min_5,2610/11_dep_52,2015-09-21,-1,TRUE
2610/11_min_5,2610/11_dep_53,2015-09-21,-1,TRUE
2610/11_min_5,2610/11_dep_54,2015-09-21,-1,TRUE
2610/11_min_5,2610/11_dep_55,2015-09-21,-1,TRUE
2610/11_min_5,2610/11_dep_56,2015-09-21,-1,TRUE
2610/11_min_6,2610/11_dep_57,2015-09-21,-1,TRUE
2610/11_min_6,2610/11_dep_58,2015-09-21,-1,TRUE
2610/11_min_6,2610/11_dep_59,2015-09-21,-1,TRUE
2610/11_min_6,2610/11_dep_60,2015-09-21,-1,TRUE
2610/11_min_7,2610/11_dep_61,2015-09-21,-1,TRUE
2610/11_min_7,2610/11_dep_62,2015-09-21,-1,TRUE
2610/11_min_7,2610/11_dep_63,2015-09-21,-1,TRUE
2610/11_min_7,2610/11_dep_64,2015-09-21,-1,TRUE
2610/11_min_7,2610/11_dep_65,2015-09-21,-1,TRUE
2610/11_min_7,2610/11_dep_66,2015-09-21,-1,TRUE
2610/11_min_7,2610/11_dep_67,2015-09-21,-1,TRUE
2610/11_min_8,2610/11_dep_68,2015-09-21,-1,TRUE
2610/11_min_8,2610/11_dep_69,2015-09-21,-1,TRUE
2610/11_min_8,2610/11_dep_70,2015-09-21,-1,TRUE
2610/11_min_9,2610/11_dep_71,2015-09-21,-1,TRUE
2610/11_min_9,2610/11_dep_72,2015-09-21,-1,TRUE
2610/11_min_9,2610/11_dep_73,2015-09-21,-1,TRUE
2610/11_min_9,2610/11_dep_74,2015-09-21,-1,TRUE
2610/11_min_9,2610/11_dep_75,2015-09-21,-1,TRUE
2610/11_min_9,2610/11_dep_76,2015-09-21,-1,TRUE
2610/11_min_9,2610/11_dep_77,2015-09-21,-1,TRUE
2610/11_min_9,2610/11_dep_78,2015-09-21,-1,TRUE
2610/11_min_10,2610/11_dep_79,2015-09-21,-1,TRUE
2610/11_min_10,2610/11_dep_80,2015-09-21,-1,TRUE
2610/11_min_10,2610/11_dep_81,2015-09-21,-1,TRUE
2610/11_min_10,2610/11_dep_82,2015-09-21,-1,TRUE
2610/11_min_10,2610/11_dep_83,2015-09-21,-1,TRUE
2610/11_min_10,2610/11_dep_84,2015-09-21,-1,TRUE
2610/11_min_10,2610/11_dep_85,2015-09-21,-1,TRUE
2610/11_min_10,2610/11_dep_86,2015-09-21,-1,TRUE
2610/11_min_11,2610/11_dep_87,2015-09-21,-1,TRUE
2610/11_min_11,2610/11_dep_88,2015-09-21,-1,TRUE
2610/11_min_11,2610/11_dep_89,2015-09-21,-1,TRUE
2610/11_min_11,2610/11_dep_90,2015-09-21,-1,TRUE
2610/11_min_11,2610/11_dep_91,2015-09-21,-1,TRUE
2610/11_min_11,2610/11_dep_92,2015-09-21,-1,TRUE
2610/11_min_11,2610/11_dep_93,2015-09-21,-1,TRUE
2610/11_min_12,2610/11_dep_94,2015-09-21,-1,TRUE
2610/11_min_12,2610/11_dep_95,2015-09-21,-1,TRUE
2610/11_min_13,2610/11_dep_96,2015-09-21,-1,TRUE
2610/11_min_13,2610/11_dep_97,2015-09-21,-1,TRUE
2610/11_min_13,2610/11_dep_98,2015-09-21,-1,TRUE
2610/11_min_13,2610/11_dep_99,2015-09-21,-1,TRUE
2610/11_min_13,2610/11_dep_100,2015-09-21,-1,TRUE
2610/11_min_14,2610/11_dep_101,2015-09-21,-1,TRUE
2610/11_min_14,2610/11_dep_102,2015-09-21,-1,TRUE
2610/11_min_14,2610/11_dep_103,2015-09-21,-1,TRUE
2610/11_min_14,2610/11_dep_104,2015-09-21,-1,TRUE
2610/11_min_14,2610/11_dep_105,2015-09-21,-1,TRUE
2610/11_min_14,2610/11_dep_106,2015-09-21,-1,TRUE
2610/11_min_14,2610/11_dep_107,2015-09-21,-1,TRUE
2610/11_min_15,2610/11_dep_108,2015-09-21,-1,TRUE
2610/11_min_15,2610/11_dep_109,2015-09-21,-1,TRUE
2610/11_min_15,2610/11_dep_110,2015-09-21,-1,TRUE
2610/11_min_15,2610/11_dep_111,2015-09-21,-1,TRUE
2610/11_min_15,2610/11_dep_112,2015-09-21,-1,TRUE
2610/11_min_16,2610/11_dep_113,2015-09-21,-1,TRUE
2610/11_min_16,2610/11_dep_114,2015-09-21,-1,TRUE
2610/11_min_16,2610/11_dep_115,2015-09-21,-1,TRUE
2610/11_min_16,2610/11_dep_116,2015-09-21,-1,TRUE
2610/11_min_16,2610/11_dep_117,2015-09-21,-1,TRUE
2610/11_min_16,2610/11_dep_118,2015-09-21,-1,TRUE
2610/11_min_16,2610/11_dep_119,2015-09-21,-1,TRUE
2610/11_min_16,2610/11_dep_120,2015-09-21,-1,TRUE
2610/11_min_16,2610/11_dep_121,2015-09-21,-1,TRUE
2610/11_min_16,2610/11_dep_122,2015-09-21,-1,TRUE
2610/11_min_16,2610/11_dep_123,2015-09-21,-1,TRUE
2610/11_min_16,2610/11_dep_124,2015-09-21,-1,TRUE
2610/11_min_16,2610/11_dep_125,2015-09-21,-1,TRUE
2610/11_min_16,2610/11_dep_126,2015-09-21,-1,TRUE
2610/11_min_16,2610/11_dep_127,2015-09-21,-1,TRUE
2610/11_min_16,2610/11_dep_128,2015-09-21,-1,TRUE
2610/11_min_16,2610/11_dep_129,2015-09-21,-1,TRUE
2610/11_min_16,2610/11_dep_130,2015-09-21,-1,TRUE
2610/11_min_16,2610/11_dep_131,2015-09-21,-1,TRUE
2610/11_min_16,2610/11_dep_132,2015-09-21,-1,TRUE
2610/11_min_16,2610/11_dep_133,2015-09-21,-1,TRUE
2610/11_min_16,2610/11_dep_134,2015-09-21,-1,TRUE
2610/11_min_16,2610/11_dep_135,2015-09-21,-1,TRUE
2610/11_min_16,2610/11_dep_136,2015-09-21,-1,TRUE
2610/11_min_16,2610/11_dep_137,2015-09-21,-1,TRUE
2610/11_min_17,2610/11_dep_138,2015-09-21,-1,TRUE
2610/11_min_17,2610/11_dep_139,2015-09-21,-1,TRUE
2610/11_min_17,2610/11_dep_140,2015-09-21,-1,TRUE
2610/11_min_17,2610/11_dep_141,2015-09-21,-1,TRUE
2610/11_min_17,2610/11_dep_142,2015-09-21,-1,TRUE
2610/11_min_17,2610/11_dep_143,2015-09-21,-1,TRUE
2610/11_min_17,2610/11_dep_144,2015-09-21,-1,TRUE
2610/11_min_17,2610/11_dep_145,2015-09-21,-1,TRUE
2610/11_min_17,2610/11_dep_146,2015-09-21,-1,TRUE
2610/11_min_17,2610/11_dep_147,2015-09-21,-1,TRUE
2610/11_min_17,2610/11_dep_148,2015-09-21,-1,TRUE
2610/11_min_17,2610/11_dep_149,2015-09-21,-1,TRUE
2610/11_min_17,2610/11_dep_150,2015-09-21,-1,TRUE
2610/11_min_17,2610/11_dep_151,2015-09-21,-1,TRUE
2610/11_min_17,2610/11_dep_152,2015-09-21,-1,TRUE
2610/11_min_17,2610/11_dep_153,2015-09-21,-1,TRUE
2610/11_min_17,2610/11_dep_154,2015-09-21,-1,TRUE
2610/11_min_17,2610/11_dep_155,2015-09-21,-1,TRUE
2610/11_min_17,2610/11_dep_156,2015-09-21,-1,TRUE
2610/11_min_17,2610/11_dep_157,2015-09-21,-1,TRUE
2610/11_min_17,2610/11_dep_158,2015-09-21,-1,TRUE
2610/11_min_17,2610/11_dep_159,2015-09-21,-1,TRUE
2610/11_min_17,2610/11_dep_160,2015-09-21,-1,TRUE
2610/11_min_17,2610/11_dep_161,2015-09-21,-1,TRUE
2610/11_min_17,2610/11_dep_162,2015-09-21,-1,TRUE
2610/11_min_17,2610/11_dep_163,2015-09-21,-1,TRUE
2610/11_min_18,2610/11_dep_164,2015-09-21,-1,TRUE
2610/11_min_18,2610/11_dep_165,2015-09-21,-1,TRUE
2610/11_min_18,2610/11_dep_166,2015-09-21,-1,TRUE
2610/11_min_18,2610/11_dep_167,2015-09-21,-1,TRUE
2610/11_min_18,2610/11_dep_168,2015-09-21,-1,TRUE
2610/11_min_18,2610/11_dep_169,2015-09-21,-1,TRUE
2610/11_min_18,2610/11_dep_170,2015-09-21,-1,TRUE
2610/11_min_18,2610/11_dep_171,2015-09-21,-1,TRUE
2610/11_min_18,2610/11_dep_172,2015-09-21,-1,TRUE
2610/11_min_18,2610/11_dep_173,2015-09-21,-1,TRUE
2610/11_min_18,2610/11_dep_174,2015-09-21,-1,TRUE
2610/11_min_18,2610/11_dep_175,2015-09-21,-1,TRUE
2610/11_min_18,2610/11_dep_176,2015-09-21,-1,TRUE
2610/11_min_19,2610/11_dep_177,2015-09-21,-1,TRUE
2610/11_min_19,2610/11_dep_178,2015-09-21,-1,TRUE
2610/11_min_19,2610/11_dep_179,2015-09-21,-1,TRUE
2610/11_min_20,2610/11_dep_180,2015-09-21,-1,TRUE
2610/11_min_20,2610/11_dep_181,2015-09-21,-1,TRUE
2610/11_min_20,2610/11_dep_182,2015-09-21,-1,TRUE
2610/11_min_20,2610/11_dep_183,2015-09-21,-1,TRUE
2610/11_min_21,2610/11_dep_184,2015-09-21,-1,TRUE
2610/11_min_21,2610/11_dep_185,2015-09-21,-1,TRUE
2610/11_min_21,2610/11_dep_186,2015-09-21,-1,TRUE
2610/11_min_21,2610/11_dep_187,2015-09-21,-1,TRUE
2610/11_min_21,2610/11_dep_188,2015-09-21,-1,TRUE
2610/11_min_21,2610/11_dep_189,2015-09-21,-1,TRUE
2610/11_min_21,2610/11_dep_190,2015-09-21,-1,TRUE
2610/11_min_21,2610/11_dep_191,2015-09-21,-1,TRUE
2610/11_min_21,2610/11_dep_192,2015-09-21,-1,TRUE
2610/11_min_21,2610/11_dep_193,2015-09-21,-1,TRUE
2610/11_min_21,2610/11_dep_194,2015-09-21,-1,TRUE
2610/11_min_21,2610/11_dep_195,2015-09-21,-1,TRUE
2610/11_min_21,2610/11_dep_196,2015-09-21,-1,TRUE
2610/11_min_21,2610/11_dep_197,2015-09-21,-1,TRUE
2610/11_min_21,2610/11_dep_198,2015-09-21,-1,TRUE
2610/11_min_21,2610/11_dep_199,2015-09-21,-1,TRUE
2610/11_min_21,2610/11_dep_200,2015-09-21,-1,TRUE
2610/11_min_21,2610/11_dep_201,2015-09-21,-1,TRUE
2610/11_min_21,2610/11_dep_202,2015-09-21,-1,TRUE
2610/11_min_21,2610/11_dep_203,2015-09-21,-1,TRUE
2610/11_min_21,2610/11_dep_204,2015-09-21,-1,TRUE
2610/11_min_21,2610/11_dep_205,2015-09-21,-1,TRUE
2610/11_min_21,2610/11_dep_206,2015-09-21,-1,TRUE
2610/11_min_21,2610/11_dep_207,2015-09-21,-1,TRUE
2610/11_min_21,2610/11_dep_208,2015-09-21,-1,TRUE
2610/11_min_21,2610/11_dep_209,2015-09-21,-1,TRUE
2610/11_min_21,2610/11_dep_210,2015-09-21,-1,TRUE
2610/11_min_21,2610/11_dep_211,2015-09-21,-1,TRUE
2610/11_min_21,2610/11_dep_212,2015-09-21,-1,TRUE
2610/11_min_21,2610/11_dep_213,2015-09-21,-1,TRUE
2610/11_min_21,2610/11_dep_214,2015-09-21,-1,TRUE
2610/11_min_21,2610/11_dep_215,2015-09-21,-1,TRUE
2610/11_min_21,2610/11_dep_216,2015-09-21,-1,TRUE
2610/11_min_21,2610/11_dep_217,2015-09-21,-1,TRUE
2610/11_min_21,2610/11_dep_218,2015-09-21,-1,TRUE
2610/11_min_21,2610/11_dep_219,2015-09-21,-1,TRUE
2610/11_min_22,2610/11_dep_220,2015-09-21,-1,TRUE
2610/11_min_22,2610/11_dep_221,2015-09-21,-1,TRUE
2610/11_min_22,2610/11_dep_222,2015-09-21,-1,TRUE
2610/11_min_23,2610/11_dep_223,2015-09-21,-1,TRUE
2610/11_min_23,2610/11_dep_224,2015-09-21,-1,TRUE
2610/11_min_23,2610/11_dep_225,2015-09-21,-1,TRUE
2610/11_min_23,2610/11_dep_226,2015-09-21,-1,TRUE
2610/11_min_23,2610/11_dep_227,2015-09-21,-1,TRUE
2610/11_min_23,2610/11_dep_228,2015-09-21,-1,TRUE
2610/11_min_24,2610/11_dep_229,2015-09-21,-1,TRUE
2610/11_min_24,2610/11_dep_230,2015-09-21,-1,TRUE
2610/11_min_24,2610/11_dep_231,2015-09-21,-1,TRUE
2610/11_min_24,2610/11_dep_232,2015-09-21,-1,TRUE
2610/11_min_24,2610/11_dep_233,2015-09-21,-1,TRUE
2610/11_min_24,2610/11_dep_234,2015-09-21,-1,TRUE
2610/11_min_24,2610/11_dep_235,2015-09-21,-1,TRUE
2610/11_min_24,2610/11_dep_236,2015-09-21,-1,TRUE
2610/11_min_24,2610/11_dep_237,2015-09-21,-1,TRUE
2610/11_min_24,2610/11_dep_238,2015-09-21,-1,TRUE
2610/11_min_24,2610/11_dep_239,2015-09-21,-1,TRUE
2610/11_min_24,2610/11_dep_240,2015-09-21,-1,TRUE
2610/11_min_24,2610/11_dep_241,2015-09-21,-1,TRUE
2610/11_min_24,2610/11_dep_242,2015-09-21,-1,TRUE
2610/11_min_24,2610/11_dep_243,2015-09-21,-1,TRUE
2610/11_min_25,2610/11_dep_244,2015-09-21,-1,TRUE
2610/11_min_25,2610/11_dep_245,2015-09-21,-1,TRUE
2610/11_min_25,2610/11_dep_246,2015-09-21,-1,TRUE
2610/11_min_25,2610/11_dep_247,2015-09-21,-1,TRUE
2610/11_min_25,2610/11_dep_248,2015-09-21,-1,TRUE
2610/11_min_25,2610/11_dep_249,2015-09-21,-1,TRUE
2610/11_min_25,2610/11_dep_250,2015-09-21,-1,TRUE
2610/11_min_26,2610/11_dep_251,2015-09-21,-1,TRUE
2610/11_min_26,2610/11_dep_252,2015-09-21,-1,TRUE
2610/11_min_26,2610/11_dep_253,2015-09-21,-1,TRUE
2610/11_min_26,2610/11_dep_254,2015-09-21,-1,TRUE
2610/11_min_26,2610/11_dep_255,2015-09-21,-1,TRUE
2610/11_min_26,2610/11_dep_256,2015-09-21,-1,TRUE
2610/11_min_26,2610/11_dep_257,2015-09-21,-1,TRUE
2610/11_min_26,2610/11_dep_258,2015-09-21,-1,TRUE
2610/11_min_26,2610/11_dep_259,2015-09-21,-1,TRUE
2610/11_min_26,2610/11_dep_260,2015-09-21,-1,TRUE
2610/11_min_26,2610/11_dep_261,2015-09-21,-1,TRUE
2610/11_min_26,2610/11_dep_262,2015-09-21,-1,TRUE
2610/11_min_26,2610/11_dep_263,2015-09-21,-1,TRUE
2610/11_min_26,2610/11_dep_264,2015-09-21,-1,TRUE
2610/11_min_27,2610/11_dep_265,2015-09-21,-1,TRUE
2610/11_min_27,2610/11_dep_266,2015-09-21,-1,TRUE
2610/11_min_27,2610/11_dep_267,2015-09-21,-1,TRUE
2610/11_min_28,2610/11_dep_268,2015-09-21,-1,TRUE
2610/11_min_28,2610/11_dep_269,2015-09-21,-1,TRUE
2610/11_min_28,2610/11_dep_270,2015-09-21,-1,TRUE
2610/11_min_28,2610/11_dep_271,2015-09-21,-1,TRUE
2610/11_min_28,2610/11_dep_272,2015-09-21,-1,TRUE
2610/11_min_28,2610/11_dep_273,2015-09-21,-1,TRUE
2610/11_min_28,2610/11_dep_274,2015-09-21,-1,TRUE
2610/11_min_28,2610/11_dep_275,2015-09-21,-1,TRUE
2610/11_min_28,2610/11_dep_276,2015-09-21,-1,TRUE
2610/11_min_28,2610/11_dep_277,2015-09-21,-1,TRUE
2610/11_min_28,2610/11_dep_278,2015-09-21,-1,TRUE
2610/11_min_29,2610/11_dep_279,2015-09-21,-1,TRUE
2610/11_min_29,2610/11_dep_280,2015-09-21,-1,TRUE
2610/11_min_29,2610/11_dep_281,2015-09-21,-1,TRUE
2610/11_min_29,2610/11_dep_282,2015-09-21,-1,TRUE
2610/11_min_29,2610/11_dep_283,2015-09-21,-1,TRUE
2610/11_min_29,2610/11_dep_284,2015-09-21,-1,TRUE
2610/11_min_29,2610/11_dep_285,2015-09-21,-1,TRUE
2610/11_min_29,2610/11_dep_286,2015-09-21,-1,TRUE
2610/11_min_29,2610/11_dep_287,2015-09-21,-1,TRUE
2610/11_min_29,2610/11_dep_288,2015-09-21,-1,TRUE
2610/11_min_30,2610/11_dep_289,2015-09-21,-1,TRUE
2610/11_min_30,2610/11_dep_290,2015-09-21,-1,TRUE
2610/11_min_30,2610/11_dep_291,2015-09-21,-1,TRUE
2610/11_min_30,2610/11_dep_292,2015-09-21,-1,TRUE
2610/11_min_30,2610/11_dep_293,2015-09-21,-1,TRUE
2610/11_min_30,2610/11_dep_294,2015-09-21,-1,TRUE
2610/11_min_30,2610/11_dep_295,2015-09-21,-1,TRUE
2610/11_min_30,2610/11_dep_296,2015-09-21,-1,TRUE
2610/11_min_30,2610/11_dep_297,2015-09-21,-1,TRUE
2610/11_min_30,2610/11_dep_298,2015-09-21,-1,TRUE
2610/11_min_30,2610/11_dep_299,2015-09-21,-1,TRUE
2610/11_min_30,2610/11_dep_300,2015-09-21,-1,TRUE
2610/11_min_30,2610/11_dep_301,2015-09-21,-1,TRUE
2610/11_min_30,2610/11_dep_302,2015-09-21,-1,TRUE
2610/11_min_30,2610/11_dep_303,2015-09-21,-1,TRUE
2610/11_min_30,2610/11_dep_304,2015-09-21,-1,TRUE
2610/11_min_30,2610/11_dep_305,2015-09-21,-1,TRUE
2610/11_min_30,2610/11_dep_306,2015-09-21,-1,TRUE
2610/11_min_30,2610/11_dep_307,2015-09-21,-1,TRUE
2610/11_min_31,2610/11_dep_308,2015-09-21,-1,TRUE
2610/11_min_31,2610/11_dep_309,2015-09-21,-1,TRUE
2610/11_min_31,2610/11_dep_310,2015-09-21,-1,TRUE
2610/11_min_31,2610/11_dep_311,2015-09-21,-1,TRUE
2610/11_min_31,2610/11_dep_312,2015-09-21,-1,TRUE
2610/11_min_32,2610/11_dep_313,2015-09-21,-1,TRUE
2610/11_min_32,2610/11_dep_314,2015-09-21,-1,TRUE
2610/11_min_32,2610/11_dep_315,2015-09-21,-1,TRUE
2610/11_min_32,2610/11_dep_316,2015-09-21,-1,TRUE
2610/11_min_32,2610/11_dep_317,2015-09-21,-1,TRUE
2610/11_min_32,2610/11_dep_318,2015-09-21,-1,TRUE
2610/11_min_32,2610/11_dep_319,2015-09-21,-1,TRUE
2610/11_min_32,2610/11_dep_320,2015-09-21,-1,TRUE
2610/11_min_32,2610/11_dep_321,2015-09-21,-1,TRUE
2610/11_min_32,2610/11_dep_322,2015-09-21,-1,TRUE
2610/11_min_32,2610/11_dep_323,2015-09-21,-1,TRUE
2610/11_min_32,2610/11_dep_324,2015-09-21,-1,TRUE
2610/11_min_32,2610/11_dep_325,2015-09-21,-1,TRUE
2610/11_min_32,2610/11_dep_326,2015-09-21,-1,TRUE
2610/11_min_33,2610/11_dep_327,2015-09-21,-1,TRUE
2610/11_min_33,2610/11_dep_328,2015-09-21,-1,TRUE
2610/11_min_33,2610/11_dep_329,2015-09-21,-1,TRUE
2610/11_min_33,2610/11_dep_330,2015-09-21,-1,TRUE
2610/11_min_33,2610/11_dep_331,2015-09-21,-1,TRUE
2610/11_min_33,2610/11_dep_332,2015-09-21,-1,TRUE
2610/11_min_33,2610/11_dep_333,2015-09-21,-1,TRUE
2610/11_min_33,2610/11_dep_334,2015-09-21,-1,TRUE
2610/11_min_33,2610/11_dep_335,2015-09-21,-1,TRUE
2610/11_min_33,2610/11_dep_336,2015-09-21,-1,TRUE
2610/11_min_33,2610/11_dep_337,2015-09-21,-1,TRUE
2610/11_min_33,2610/11_dep_338,2015-09-21,-1,TRUE
2610/11_min_34,2610/11_dep_339,2015-09-21,-1,TRUE
2610/11_min_34,2610/11_dep_340,2015-09-21,-1,TRUE
2610/11_min_34,2610/11_dep_341,2015-09-21,-1,TRUE
2610/11_min_34,2610/11_dep_342,2015-09-21,-1,TRUE
2610/11_min_35,2610/11_dep_343,2015-09-21,-1,TRUE
2610/11_min_35,2610/11_dep_344,2015-09-21,-1,TRUE
2610/11_min_35,2610/11_dep_345,2015-09-21,-1,TRUE
2610/11_min_35,2610/11_dep_346,2015-09-21,-1,TRUE
2610/11_min_35,2610/11_dep_347,2015-09-21,-1,TRUE
2610/11_min_35,2610/11_dep_348,2015-09-21,-1,TRUE
2610/11_min_35,2610/11_dep_349,2015-09-21,-1,TRUE
2610/11_min_35,2610/11_dep_350,2015-09-21,-1,TRUE
2610/11_min_36,2610/11_dep_351,2015-09-21,-1,TRUE
2610/11_min_36,2610/11_dep_352,2015-09-21,-1,TRUE
2610/11_min_36,2610/11_dep_353,2015-09-21,-1,TRUE
2610/11_min_36,2610/11_dep_354,2015-09-21,-1,TRUE
2610/11_min_37,2610/11_dep_355,2015-09-21,-1,TRUE
2610/11_min_37,2610/11_dep_356,2015-09-21,-1,TRUE
2610/11_min_37,2610/11_dep_357,2015-09-21,-1,TRUE
2610/11_min_37,2610/11_dep_358,2015-09-21,-1,TRUE
2610/11_min_37,2610/11_dep_359,2015-09-21,-1,TRUE
2610/11_min_38,2610/11_dep_360,2015-09-21,-1,TRUE
2610/11_min_38,2610/11_dep_361,2015-09-21,-1,TRUE
2610/11_min_39,2610/11_dep_362,2015-09-21,-1,TRUE
2610/11_min_39,2610/11_dep_363,2015-09-21,-1,TRUE
2610/11_min_39,2610/11_dep_364,2015-09-21,-1,TRUE
2610/11_min_39,2610/11_dep_365,2015-09-21,-1,TRUE
2610/11_min_39,2610/11_dep_366,2015-09-21,-1,TRUE
2610/11_min_39,2610/11_dep_367,2015-09-21,-1,TRUE
2610/11_min_39,2610/11_dep_368,2015-09-21,-1,TRUE
2610/11_min_39,2610/11_dep_369,2015-09-21,-1,TRUE
2610/11_min_39,2610/11_dep_370,2015-09-21,-1,TRUE
2610/11_min_39,2610/11_dep_371,2015-09-21,-1,TRUE
2610/11_min_39,2610/11_dep_372,2015-09-21,-1,TRUE
2610/11_min_39,2610/11_dep_373,2015-09-21,-1,TRUE
2610/11_min_39,2610/11_dep_374,2015-09-21,-1,TRUE
2610/11_min_39,2610/11_dep_375,2015-09-21,-1,TRUE
2610/11_min_39,2610/11_dep_376,2015-09-21,-1,TRUE
2610/11_min_39,2610/11_dep_377,2015-09-21,-1,TRUE
2610/11_min_39,2610/11_dep_378,2015-09-21,-1,TRUE
2610/11_min_39,2610/11_dep_379,2015-09-21,-1,TRUE
2610/11_min_39,2610/11_dep_380,2015-09-21,-1,TRUE
2610/11_min_39,2610/11_dep_381,2015-09-21,-1,TRUE
2610/11_min_40,2610/11_dep_382,2015-09-21,-1,TRUE
2610/11_min_40,2610/11_dep_383,2015-09-21,-1,TRUE
2610/11_min_41,2610/11_dep_384,2015-09-21,-1,TRUE
2610/11_min_41,2610/11_dep_385,2015-09-21,-1,TRUE
2610/11_min_41,2610/11_dep_386,2015-09-21,-1,TRUE
2610/11_min_41,2610/11_dep_387,2015-09-21,-1,TRUE
2610/11_min_41,2610/11_dep_388,2015-09-21,-1,TRUE
2610/11_min_41,2610/11_dep_389,2015-09-21,-1,TRUE
2610/11_min_42,2610/11_dep_390,2015-09-21,-1,TRUE
2610/11_min_42,2610/11_dep_391,2015-09-21,-1,TRUE
2610/11_min_42,2610/11_dep_392,2015-09-21,-1,TRUE
2610/11_min_42,2610/11_dep_393,2015-09-21,-1,TRUE
2610/11_min_43,2610/11_dep_394,2015-09-21,-1,TRUE
2610/11_min_43,2610/11_dep_395,2015-09-21,-1,TRUE
2610/11_min_43,2610/11_dep_396,2015-09-21,-1,TRUE
2610/11_min_43,2610/11_dep_397,2015-09-21,-1,TRUE
2610/11_min_43,2610/11_dep_398,2015-09-21,-1,TRUE
2610/11_min_43,2610/11_dep_399,2015-09-21,-1,TRUE
2610/11_min_44,2610/11_dep_400,2015-09-21,-1,TRUE
2610/11_min_45,2610/11_dep_401,2015-09-21,-1,TRUE
2610/11_min_45,2610/11_dep_402,2015-09-21,-1,TRUE
2610/11_min_45,2610/11_dep_403,2015-09-21,-1,TRUE
2610/11_min_45,2610/11_dep_404,2015-09-21,-1,TRUE
2610/11_min_46,2610/11_dep_405,2015-09-21,-1,TRUE
2610/11_min_46,2610/11_dep_406,2015-09-21,-1,TRUE
2610/11_min_46,2610/11_dep_407,2015-09-21,-1,TRUE
2610/11_min_46,2610/11_dep_408,2015-09-21,-1,TRUE
2610/11_min_47,2610/11_dep_409,2015-09-21,-1,TRUE
2610/11_min_48,2610/11_dep_410,2015-09-21,-1,TRUE
2610/11_min_48,2610/11_dep_411,2015-09-21,-1,TRUE
2610/11_min_48,2610/11_dep_412,2015-09-21,-1,TRUE
2610/11_min_49,2610/11_dep_413,2015-09-21,-1,TRUE
2610/11_min_49,2610/11_dep_414,2015-09-21,-1,TRUE
2610/11_min_50,2610/11_dep_415,2015-09-21,-1,TRUE
2610/11_min_50,2610/11_dep_416,2015-09-21,-1,TRUE
2610/11_min_50,2610/11_dep_417,2015-09-21,-1,TRUE
2610/11_min_50,2610/11_dep_418,2015-09-21,-1,TRUE